PC,USER,Username,DATE,ReportDATE,PCLocation,Empl_Mailadresse
PC1000,jdoe,John Doe,2024/09/01 8:10,2024/09/04 11:15:05,Sandefjord,john.doe@contoso.com
PCL1001,jwoo,John Woo,2024/09/02 9:11,2024/09/05 12:16:06,Stavanger,john.woo@contoso.com
PCL1002,jsvenson,John Svenson,2024/09/03 10:12,2024/09/06 13:17:07,Oslo,john.svenson@contoso.com
PC1003,jfinch,John Finch,2024/09/04 8:13,2024/09/07 14:18:08,Bergen,john.finch@contoso.com
PCL1004,jpage,John Page,2024/09/05 9:14,2024/09/08 15:19:09,Trondheim,john.page@contoso.com
PCL1005,jklein,John Klein,2024/09/06 10:15,2024/09/09 16:20:10,Kristiansand,john.klein@contoso.com
PC1006,jlong,John Long,2024/09/07 8:16,2024/09/10 11:21:11,Sandefjord,john.long@contoso.com
PCL1007,jbraun,John Braun,2024/09/08 9:17,2024/09/11 12:22:12,Stavanger,john.braun@contoso.com
PCL1008,jlaw,John Law,2024/09/09 10:18,2024/09/12 13:23:13,Oslo,john.law@contoso.com
PC1009,jlohn,John Lohn,2024/09/10 8:19,2024/09/13 14:24:14,Bergen,john.lohn@contoso.com
PCL1010,jhunt,John Hunt,2024/09/11 9:20,2024/09/14 15:25:15,Trondheim,john.hunt@contoso.com
PCL1011,jpark,John Park,2024/09/12 10:21,2024/09/15 16:26:16,Kristiansand,john.park@contoso.com
PC1012,jzieg,John Zieg,2024/09/13 8:22,2024/09/16 11:27:17,Sandefjord,john.zieg@contoso.com
PCL1013,jblack,John Black,2024/09/14 9:23,2024/09/17 12:28:18,Stavanger,john.black@contoso.com
PCL1014,jlane,John Lane,2024/09/15 10:24,2024/09/18 13:29:19,Oslo,john.lane@contoso.com
PC1015,jjensen,John Jensen,2024/09/16 8:25,2024/09/19 14:30:20,Bergen,john.jensen@contoso.com
PCL1016,jmoore,John Moore,2024/09/17 9:26,2024/09/20 15:31:21,Trondheim,john.moore@contoso.com
PCL1017,jkoivu,John Koivu,2024/09/18 10:27,2024/09/21 16:32:22,Kristiansand,john.koivu@contoso.com
PC1018,jwhite,John White,2024/09/19 8:28,2024/09/22 11:33:23,Sandefjord,john.white@contoso.com
PCL1019,jmunch,John Munch,2024/09/20 9:29,2024/09/23 12:34:24,Stavanger,john.munch@contoso.com
PCL1020,jdoe,Jane Doe,2024/09/21 10:30,2024/09/24 13:35:25,Oslo,jane.doe@contoso.com
PC1021,jwoo,Jane Woo,2024/09/22 8:31,2024/09/25 14:36:26,Bergen,jane.woo@contoso.com
PCL1022,jsvenson,Jane Svenson,2024/09/23 9:32,2024/09/26 15:37:27,Trondheim,jane.svenson@contoso.com
PCL1023,jfinch,Jane Finch,2024/09/24 10:33,2024/09/27 16:38:28,Kristiansand,jane.finch@contoso.com
PC1024,jpage,Jane Page,2024/09/25 8:34,2024/09/28 11:39:29,Sandefjord,jane.page@contoso.com
PCL1025,jklein,Jane Klein,2024/09/26 9:35,2024/09/29 12:40:30,Stavanger,jane.klein@contoso.com
PCL1026,jlong,Jane Long,2024/09/27 10:36,2024/09/30 13:41:31,Oslo,jane.long@contoso.com
PC1027,jbraun,Jane Braun,2024/09/28 8:37,2024/09/01 14:42:32,Bergen,jane.braun@contoso.com
PCL1028,jlaw,Jane Law,2024/09/29 9:38,2024/09/02 15:43:33,Trondheim,jane.law@contoso.com
PCL1029,jlohn,Jane Lohn,2024/09/30 10:39,2024/09/03 16:44:34,Kristiansand,jane.lohn@contoso.com
PC1030,jhunt,Jane Hunt,2024/09/01 8:40,2024/09/04 11:45:35,Sandefjord,jane.hunt@contoso.com
PCL1031,jpark,Jane Park,2024/09/02 9:41,2024/09/05 12:46:36,Stavanger,jane.park@contoso.com
PCL1032,jzieg,Jane Zieg,2024/09/03 10:42,2024/09/06 13:47:37,Oslo,jane.zieg@contoso.com
PC1033,jblack,Jane Black,2024/09/04 8:43,2024/09/07 14:48:38,Bergen,jane.black@contoso.com
PCL1034,jlane,Jane Lane,2024/09/05 9:44,2024/09/08 15:49:39,Trondheim,jane.lane@contoso.com
PCL1035,jjensen,Jane Jensen,2024/09/06 10:45,2024/09/09 16:50:40,Kristiansand,jane.jensen@contoso.com
PC1036,jmoore,Jane Moore,2024/09/07 8:46,2024/09/10 11:51:41,Sandefjord,jane.moore@contoso.com
PCL1037,jkoivu,Jane Koivu,2024/09/08 9:47,2024/09/11 12:52:42,Stavanger,jane.koivu@contoso.com
PCL1038,jwhite,Jane White,2024/09/09 10:48,2024/09/12 13:53:43,Oslo,jane.white@contoso.com
PC1039,jmunch,Jane Munch,2024/09/10 8:49,2024/09/13 14:54:44,Bergen,jane.munch@contoso.com
PCL1040,adoe,Adam Doe,2024/09/11 9:50,2024/09/14 15:55:45,Trondheim,adam.doe@contoso.com
PCL1041,awoo,Adam Woo,2024/09/12 10:51,2024/09/15 16:56:46,Kristiansand,adam.woo@contoso.com
PC1042,asvenson,Adam Svenson,2024/09/13 8:52,2024/09/16 11:57:47,Sandefjord,adam.svenson@contoso.com
PCL1043,afinch,Adam Finch,2024/09/14 9:53,2024/09/17 12:58:48,Stavanger,adam.finch@contoso.com
PCL1044,apage,Adam Page,2024/09/15 10:54,2024/09/18 13:59:49,Oslo,adam.page@contoso.com
PC1045,aklein,Adam Klein,2024/09/16 8:55,2024/09/19 14:00:50,Bergen,adam.klein@contoso.com
PCL1046,along,Adam Long,2024/09/17 9:56,2024/09/20 15:01:51,Trondheim,adam.long@contoso.com
PCL1047,abraun,Adam Braun,2024/09/18 10:57,2024/09/21 16:02:52,Kristiansand,adam.braun@contoso.com
PC1048,alaw,Adam Law,2024/09/19 8:58,2024/09/22 11:03:53,Sandefjord,adam.law@contoso.com
PCL1049,alohn,Adam Lohn,2024/09/20 9:59,2024/09/23 12:04:54,Stavanger,adam.lohn@contoso.com
PCL1050,ahunt,Adam Hunt,2024/09/21 10:10,2024/09/24 13:15:55,Oslo,adam.hunt@contoso.com
PC1051,apark,Adam Park,2024/09/22 8:11,2024/09/25 14:16:56,Bergen,adam.park@contoso.com
PCL1052,azieg,Adam Zieg,2024/09/23 9:12,2024/09/26 15:17:57,Trondheim,adam.zieg@contoso.com
PCL1053,ablack,Adam Black,2024/09/24 10:13,2024/09/27 16:18:58,Kristiansand,adam.black@contoso.com
PC1054,alane,Adam Lane,2024/09/25 8:14,2024/09/28 11:19:59,Sandefjord,adam.lane@contoso.com
PCL1055,ajensen,Adam Jensen,2024/09/26 9:15,2024/09/29 12:20:05,Stavanger,adam.jensen@contoso.com
PCL1056,amoore,Adam Moore,2024/09/27 10:16,2024/09/30 13:21:06,Oslo,adam.moore@contoso.com
PC1057,akoivu,Adam Koivu,2024/09/28 8:17,2024/09/01 14:22:07,Bergen,adam.koivu@contoso.com
PCL1058,awhite,Adam White,2024/09/29 9:18,2024/09/02 15:23:08,Trondheim,adam.white@contoso.com
PCL1059,amunch,Adam Munch,2024/09/30 10:19,2024/09/03 16:24:09,Kristiansand,adam.munch@contoso.com
PC1060,mdoe,Mia Doe,2024/09/01 8:20,2024/09/04 11:25:10,Sandefjord,mia.doe@contoso.com
PCL1061,mwoo,Mia Woo,2024/09/02 9:21,2024/09/05 12:26:11,Stavanger,mia.woo@contoso.com
PCL1062,msvenson,Mia Svenson,2024/09/03 10:22,2024/09/06 13:27:12,Oslo,mia.svenson@contoso.com
PC1063,mfinch,Mia Finch,2024/09/04 8:23,2024/09/07 14:28:13,Bergen,mia.finch@contoso.com
PCL1064,mpage,Mia Page,2024/09/05 9:24,2024/09/08 15:29:14,Trondheim,mia.page@contoso.com
PCL1065,mklein,Mia Klein,2024/09/06 10:25,2024/09/09 16:30:15,Kristiansand,mia.klein@contoso.com
PC1066,mlong,Mia Long,2024/09/07 8:26,2024/09/10 11:31:16,Sandefjord,mia.long@contoso.com
PCL1067,mbraun,Mia Braun,2024/09/08 9:27,2024/09/11 12:32:17,Stavanger,mia.braun@contoso.com
PCL1068,mlaw,Mia Law,2024/09/09 10:28,2024/09/12 13:33:18,Oslo,mia.law@contoso.com
PC1069,mlohn,Mia Lohn,2024/09/10 8:29,2024/09/13 14:34:19,Bergen,mia.lohn@contoso.com
PCL1070,mhunt,Mia Hunt,2024/09/11 9:30,2024/09/14 15:35:20,Trondheim,mia.hunt@contoso.com
PCL1071,mpark,Mia Park,2024/09/12 10:31,2024/09/15 16:36:21,Kristiansand,mia.park@contoso.com
PC1072,mzieg,Mia Zieg,2024/09/13 8:32,2024/09/16 11:37:22,Sandefjord,mia.zieg@contoso.com
PCL1073,mblack,Mia Black,2024/09/14 9:33,2024/09/17 12:38:23,Stavanger,mia.black@contoso.com
PCL1074,mlane,Mia Lane,2024/09/15 10:34,2024/09/18 13:39:24,Oslo,mia.lane@contoso.com
PC1075,mjensen,Mia Jensen,2024/09/16 8:35,2024/09/19 14:40:25,Bergen,mia.jensen@contoso.com
PCL1076,mmoore,Mia Moore,2024/09/17 9:36,2024/09/20 15:41:26,Trondheim,mia.moore@contoso.com
PCL1077,mkoivu,Mia Koivu,2024/09/18 10:37,2024/09/21 16:42:27,Kristiansand,mia.koivu@contoso.com
PC1078,mwhite,Mia White,2024/09/19 8:38,2024/09/22 11:43:28,Sandefjord,mia.white@contoso.com
PCL1079,mmunch,Mia Munch,2024/09/20 9:39,2024/09/23 12:44:29,Stavanger,mia.munch@contoso.com
PCL1080,ldoe,Leo Doe,2024/09/21 10:40,2024/09/24 13:45:30,Oslo,leo.doe@contoso.com
PC1081,lwoo,Leo Woo,2024/09/22 8:41,2024/09/25 14:46:31,Bergen,leo.woo@contoso.com
PCL1082,lsvenson,Leo Svenson,2024/09/23 9:42,2024/09/26 15:47:32,Trondheim,leo.svenson@contoso.com
PCL1083,lfinch,Leo Finch,2024/09/24 10:43,2024/09/27 16:48:33,Kristiansand,leo.finch@contoso.com
PC1084,lpage,Leo Page,2024/09/25 8:44,2024/09/28 11:49:34,Sandefjord,leo.page@contoso.com
PCL1085,lklein,Leo Klein,2024/09/26 9:45,2024/09/29 12:50:35,Stavanger,leo.klein@contoso.com
PCL1086,llong,Leo Long,2024/09/27 10:46,2024/09/30 13:51:36,Oslo,leo.long@contoso.com
PC1087,lbraun,Leo Braun,2024/09/28 8:47,2024/09/01 14:52:37,Bergen,leo.braun@contoso.com
PCL1088,llaw,Leo Law,2024/09/29 9:48,2024/09/02 15:53:38,Trondheim,leo.law@contoso.com
PCL1089,llohn,Leo Lohn,2024/09/30 10:49,2024/09/03 16:54:39,Kristiansand,leo.lohn@contoso.com
PC1090,lhunt,Leo Hunt,2024/09/01 8:50,2024/09/04 11:55:40,Sandefjord,leo.hunt@contoso.com
PCL1091,lpark,Leo Park,2024/09/02 9:51,2024/09/05 12:56:41,Stavanger,leo.park@contoso.com
PCL1092,lzieg,Leo Zieg,2024/09/03 10:52,2024/09/06 13:57:42,Oslo,leo.zieg@contoso.com
PC1093,lblack,Leo Black,2024/09/04 8:53,2024/09/07 14:58:43,Bergen,leo.black@contoso.com
PCL1094,llane,Leo Lane,2024/09/05 9:54,2024/09/08 15:59:44,Trondheim,leo.lane@contoso.com
PCL1095,ljensen,Leo Jensen,2024/09/06 10:55,2024/09/09 16:00:45,Kristiansand,leo.jensen@contoso.com
PC1096,lmoore,Leo Moore,2024/09/07 8:56,2024/09/10 11:01:46,Sandefjord,leo.moore@contoso.com
PCL1097,lkoivu,Leo Koivu,2024/09/08 9:57,2024/09/11 12:02:47,Stavanger,leo.koivu@contoso.com
PCL1098,lwhite,Leo White,2024/09/09 10:58,2024/09/12 13:03:48,Oslo,leo.white@contoso.com
PC1099,lmunch,Leo Munch,2024/09/10 8:59,2024/09/13 14:04:49,Bergen,leo.munch@contoso.com
